asesor|Junior||1|411939188|N/A
machillandadm|YULI MACHILLANDA||1|411939188|N/A
padilladm|JOSE PADILLA||1|411939188|N/A
lindadm|LINDA LUZMILA||1|411939188|N/A
ivandm|IVAN RUIZ||1|411939188|N/A
waltervip|WALTER FERNANDEZ||1|411939188|N/A
sandydm|SANDY SANTIAGO||1|411939188|N/A
castrodm|JHONHEIBER CASTRO||1|411939188|N/A
joeldm|JOEL RODRIGUEZ||1|411939188|N/A
antoniosdm|ANTONIO SANTIAGO||1|411939188|N/A
maldonadodm|LISBETH MALDONADO||1|411939188|N/A
labradordm|GENY LABRADOR||1|411939188|N/A
juancdm|JUAN CARLOS SANTIAGO||1|411939188|N/A
rengeldm|MARIA RENGEL||1|411939188|N/A
lasante|TRANSFERENCIAS LA SANTE||1|411939188|N/A
rendondm|ALFREDO RENDON||1|411939188|N/A
chacondm|CRISTHIAN CHACON||1|411939188|N/A
gomezdm|CAROLINA GOMEZ||1|411939188|N/A
amundaraindm|ALBERTO AMUNDARAIN||1|411939188|N/A
emiliadm|EMILIA NOGUERA||1|411939188|N/A
robertodm|ROBERTO LARES N||1|411939188|N/A
terifedm|CARLOS TERIFE||1|411939188|N/A
elkiridm|MEDICAL ELKIRI C.A||1|411939188|N/A
jeliasdm|JOSE ELIAS ACOSTA CASTILLO||1|411939188|N/A
camachodm|LEONARDO CAMACHO||1|411939188|N/A
williamsdm|WILLIAMS CARDENAS||1|411939188|N/A
ruizdm|DYLAN  RUIZ||1|411939188|N/A
clientedm|FARMACIA PRUEBA||1|411939188|N/A
bassamvip|BASSAM KHODARI||1|411939188|N/A
marieladm|MARIELA ABIAD||1|411939188|N/A
donfranciscovip|JORGE ROMHAIN WASUF||1|411939188|N/A
Quinfarcavip|DROGUERIA QUINFARCA -051 C.A||1|411939188|N/A
andreinadm|ANDREINA DE JONGH||1|411939188|N/A
josevip|JOSE RAFFOUL||1|411939188|N/A
rossydm|ROSSY QUINTERO||1|411939188|N/A
consumedvip|CLIENTE DROGUERIA CONSUMED C.A||1|411939188|N/A
drogvitalvip|DROGVITAL||1|411939188|N/A
farmarketsantapauladm|FARMARKET SANTA PAULA ASES||1|411939188|N/A
germandm|GERMAN BRICENO||1|411939188|N/A
vidasaludrn|VIDA Y SALUD RN||1|411939188|N/A
libiadm|LIBIA CARRENO||1|411939188|N/A
marvaldm|MANUEL ANTONIO MARVAL||1|411939188|N/A
gamadm|EXCELSIOR GAMA SUPERMERCADOS C.A||1|411939188|N/A
lopezdm|ADRIANA LOPEZ||1|411939188|N/A
12|ADRIANA LOPEZ||1|411939188|N/A
farmafitvip|CLIENTE FARMA FIT||1|411939188|N/A
Pavondm|NESMAR A. PAVON M.||1|411939188|N/A
alvarezdm|DIEGO ALVAREZ||1|411939188|N/A
farmadan|FARMADAN USER||1|411939188|N/A
JAIMEMORALES|JAIME MORALES||1|411939188|N/A
farmarketlosnaranjos|FARMARKET LOS NARANJOS||1|411939188|N/A
farmarketlidodm|FARMARKET LIDO||1|411939188|N/A
invermedvip|DROGUERIA INVERMED||1|411939188|N/A
cinecittavip|COMERCIALIZADORA 1106||1|411939188|N/A
farmarketchacaitodm|FARMARKET CHACAITO||1|411939188|N/A
farmarkethatigal|FARMARKET HATIGAL||1|411939188|N/A
hectordm|HECTOR OVIEDO||1|411939188|N/A
castillodm|FRANKLIN CASTILLO||1|411939188|N/A
mundofarmadm|MUNDOFARMA ASES||1|411939188|N/A
vergeldm|ERNESTO EMILIO VERGEL||1|411939188|N/A
farmagodm|FARMA GO AVENIDA 8 COMPAA ANONIMA||1|411939188|N/A
compremenosdm|FARMACIAS GALERIAS COMPRE MENOS C.A||1|411939188|N/A
somadm|TRANSFERENCIAS LABORATORIOS CHEMYCALS||1|411939188|N/A
jhonderdm|JHONDER SANCHEZ||1|411939188|N/A
flordm|FLOR MARIA SANCHEZ||1|411939188|N/A
josephdm|JOSEPH RAFAEL PUA LINAREZ||1|411939188|N/A
zabaletadm|JUAN JOSE VILORIA ZABALETA||1|411939188|N/A
sanchezdm|GABRIELA SANCHEZ||1|411939188|N/A
eleazardm|ELEAZAR BLANCO||1|411939188|N/A
m|GENERICO||1|411939188|N/A
perezdm|EDWARD JOSE HERNANDEZ PEREZ||1|411939188|N/A
migueldm|MIGUEL EDUARDO MUJICA SALAZAR||1|411939188|N/A
severyndm|TAIRY SEVERYN||1|411939188|N/A
giovannidm|GIOVANNI CARLO GAROFALO GOMEZ||1|411939188|N/A
Moñongodm|FARMACIA MAS QUE FARMACIA MOONGO||1|411939188|N/A
meyer|TRANSFERENCIAS MEYER||1|411939188|N/A
manuelgomdm|MANUEL GOMEZ||1|411939188|N/A
yondrydm|YONDRY JOSEFINA LOAIZA ROQUE||1|411939188|N/A
cabreradm|WILFREDO JOSE CABRERA MARQUEZ||1|411939188|N/A
herguetadm|JAVIER HERGUETA||1|411939188|N/A
gasaldm|CATRIN GASAL LARA||1|411939188|N/A
santosdm|CLARA SANTOS||1|411939188|N/A
escobardm|MARIA EMMA ESCOBAR RIVERO||1|411939188|N/A
monsalvedm|SAMAEL ALBERTO MONSALVE HERDEZ||1|411939188|N/A
contrerasdm|JESUS ENRIQUE CONTRERAS ZAMBRANO||1|411939188|N/A
davalillodm|OMAR ELIAS DAVALILLO CARPIO||1|411939188|N/A
master2|ERIK MONTERO||1|411939188|N/A
EVILUZ BRITO|EVILUZ MARIA BRITO||1|411939188|N/A
FARMANUTRY|GRUPO FARMANUTRY||1|411939188|N/A
IVONNERODRIGUEZ|IVONNE RODRIGUEZ||1|411939188|N/A
BLADIMIRRIERA|BLADIMIR RIERA||1|411939188|N/A
JOSEGARCIA|JOSE GARCIA||1|411939188|N/A
YSABELDELGADO|YSABEL DELGADO||1|411939188|N/A
MIGUELSEOUD|MIGUEL SEOUD||1|411939188|N/A
LOCATEL|LOCATEL||1|411939188|N/A
FARMATODO|FARMATODO||1|411939188|N/A
LUISTRUJILLO|LUIS TRUJILLO||1|411939188|N/A
JORGEPEREZ|JORGE PEREZ||1|411939188|N/A
dmjose|JOSE PARADAS||1|411939188|N/A
JORGECHACON|JORGE CHACON||1|411939188|N/A
LISBETHOROPEZA|LISBETH OROPEZA||1|411939188|N/A
HECTORMEDINA|HECTORMEDINA||1|411939188|N/A
stefanodm|STEFANO MONESTIROLI||1|411939188|N/A
gersondm|GERSON CORONEL||1|411939188|N/A
farmaciarrp|SOFIA LANZIROTTI||1|411939188|N/A
LABORATORIO COFASA|TRANSFERENCIAS COFASA||1|411939188|N/A
rinconesdm|WILLIAMS RINCONES||1|411939188|N/A
alyalydm|ALYALY DAGUAR||1|411939188|N/A
laboticasuc|ALYALY DAGUAR||1|411939188|N/A
laboticasrl|ALYALY DAGUAR||1|411939188|N/A
fffreites|ALYALY DAGUAR||1|411939188|N/A
farmatotal|ALYALY DAGUAR||1|411939188|N/A
fundafarmacos|ALYALY DAGUAR||1|411939188|N/A
farmacosarag|ALYALY DAGUAR||1|411939188|N/A
cofasat1|TRANSFERENCIAS COFASA LOLAIZA||1|411939188|N/A
cofasat2|TRANSFERENCIAS COFASA ANTONY||1|411939188|N/A
cofasat3|TRANSFERENCIAS COFASA LUIS||1|411939188|N/A
cofasat4|TRANSFERENCIAS COFASA OLIMAR||1|411939188|N/A
cofasat5|TRANSFERENCIAS COFASA CESAR||1|411939188|N/A
lasantet1|TRANSFERENCIAS LA SANTE KERVIN||1|411939188|N/A
lasantet2|TRANSFERENCIAS LA SANTE KAREN||1|411939188|N/A
lasantet3|TRANSFERENCIAS LA SANTE EMELY||1|411939188|N/A
lasantet5|TRANSFERENCIAS LA SANTE MILLER||1|411939188|N/A
lasantet8|TRANSFERENCIAS LA SANTE INDIRA||1|411939188|N/A
lasantet9|TRANSFERENCIAS LA SANTE LUIS||1|411939188|N/A
lasantet4|TRANSFERENCIAS LA SANTE MARELIS||1|411939188|N/A
lasantet6|TRANSFERENCIAS LA SANTE MONICA||1|411939188|N/A
lasantet7|TRANSFERENCIAS LA SANTE GREISELY||1|411939188|N/A
lasantet10|TRANSFEGENCIAS LA SANTE MARIA||1|411939188|N/A
remmydm|REMMY GARCIA||1|411939188|N/A
FTP|FTP Asesor||1|411939188|N/A
mervysdm|MERVYS CENTENO||1|411939188|N/A
ESTRADADM|LILIANA ESTRADA||1|411939188|N/A
FFANDRESBELLO|FF ANDRES BELLO||1|411939188|N/A
FFPORLAMAR|FF PORLAMAR||1|411939188|N/A
FFPETARE|FF PETARE||1|411939188|N/A
FFMAIQUETIA|FF MAIQUETIA||1|411939188|N/A
FFLAVICTORIA|FF LA VICTORIA||1|411939188|N/A
FFLACAND|FF LA CANDELARIA||1|411939188|N/A
FFMARACAY|FF MARACAY||1|411939188|N/A
FFCATIALAMAR|FF CATIA LA MAR||1|411939188|N/A
FFBARCELONA|FF BARCELONA||1|411939188|N/A
FFELVALLE|FF EL VALLE||1|411939188|N/A
FFGUATIRE|FF GUATIRE||1|411939188|N/A
FFANTIMANO|FF ANTIMANO||1|411939188|N/A
FFSANCRIST|FF SAN CRISTOBAL||1|411939188|N/A
FFPLACARACAS|FF PLAZA CARACAS||1|411939188|N/A
FFLOSTEQUES|FF LOS TEQUES||1|411939188|N/A
FFSANMARTIN|FF SAN MARTIN||1|411939188|N/A
FFBARUTA|FF BARUTA||1|411939188|N/A
FF23ENERO|FF 23 ENERO||1|411939188|N/A
FFMAGALLANES|FF MAGALLANES||1|411939188|N/A
FFMATURIN|FF MATURIN||1|411939188|N/A
mfranco|MAILYN FRANCO||1|411939188|N/A
KZARRAGA|KATIMAR ZARRAGA||1|411939188|N/A
FFBQTO|FF BQTO||1|411939188|N/A
CVARELA|CARMEN VARELA||1|411939188|N/A
LGOMES|LUCELIA GOMES FARMAMIGO||1|411939188|N/A
lalzuru|LIXDRAY ALZURU hesai 18||1|411939188|N/A
TELEMARKETING1|SARI MATA||1|411939188|N/A
fmkttrinidad|FARMARKET LA TRINIDAD||1|411939188|N/A
FARMACIAFDA702|GERALDINE ANTEQUERA FDA702||1|411939188|N/A
FARMAMIGOIV1|ANA DA SILVA||1|411939188|N/A
FARMAMIGOIV2|IDALINA VIVIANA FERNANDES||1|411939188|N/A
fsalamo|FARMA SALUD ALAMO||1|411939188|N/A
fskassar|FARMA SALUD KASSAR||1|411939188|N/A
HIPERFARMAZ|HIPER FARMAZ C.A||1|411939188|N/A
FARMABOAVIDA|FARMACIAS BOAVIDA C.A.||1|411939188|N/A
TUTODOSPRESS|TU FARMACIA TODO SPRESS C.A.||1|411939188|N/A
FARMADIABETICS|FARMA DIABETICS C.A||1|411939188|N/A
MEGAFARMA|FARMACIA MEGAFARMA C.A.||1|411939188|N/A
danfra1|FARMACIA DANFRA 2301 CA||1|411939188|N/A
famarjv|FARMACIA FAMAR JV||1|411939188|N/A
LOSPROCERES|FARMANATURAL LOS PROCERES||1|411939188|N/A
FARMAEDUARDO|FARMA EDUARDO||1|411939188|N/A
RRADESCA|ROSANA RADESCA||1|411939188|N/A
FWORLDMARKET|FARMACIA WORLD MARKET C.A||1|411939188|N/A
FARMAOFERTA|FARMACIA FARMAOFERTA C.A||1|411939188|N/A
JSILVA|JAIRO SILVA||1|411939188|N/A
mundopastilla|UNICO MUNDO PASTILLA EL GRANDE 11.11||1|411939188|N/A
charallave1|CHARALLAVE 1||1|411939188|N/A
AHINOA1|FARMACIA AHINOA 2010 C.A||1|411939188|N/A
INVERTORRES|INVER-TORRES C.A||1|411939188|N/A
FBUENAVENTURA|FARMACIA FARMARKET BUENAVENTURA||1|411939188|N/A
FGUAMACHO2|FARMACIA GUAMACHO 2 C.A||1|411939188|N/A
FARMABEMONTE|FARMACIA BE MONTE 2014 CA||1|411939188|N/A
laesquina1|LA ESQUINA INVERSIONES CA||1|411939188|N/A
FARMABH|FARMACIA BH C.A||1|411939188|N/A
FTABBAN|FARMACIA TABBAN C.A||1|411939188|N/A
FARMACHAR|FARMACIA CHARALLAVE C.A||1|411939188|N/A
letidm|TRANSFERENCIAS LAB LETI GENVEN||1|411939188|N/A
PGARCIA|PATRICIA GARCIA||1|411939188|N/A
LUISLEON|LUIS LEON||1|411939188|N/A
YSANTAELLA|YORKY YESSENIA SANTAELLA||1|411939188|N/A
FSBELLEZA|FORMULANDO SALUD Y BELLEZA C.A.||1|411939188|N/A
FARMAVIT18|FARMAVIT 18 C.A||1|411939188|N/A
FCUMBRERA|FARMACIA CUMBRERA C.A||1|411939188|N/A
MPAEZ|MAURICIO PAEZ||1|411939188|N/A
FALIADAS|FARMACIAS ALIADAS S.A.||1|411939188|N/A
MCORNIELES|MARIANA CORNIELES||1|411939188|N/A
YRUMAY|YVELISSE RUMAY||1|411939188|N/A
ASAYAGO|ANA SAYAGO LETI GENVEN||1|411939188|N/A
RFALCON|RAMON FALCON LETI GENVEN||1|411939188|N/A
YREVETE|YOLIMER RAVETE LETI GENVEN||1|411939188|N/A
JMORALES|JESUS MORALES LETI GENVEN||1|411939188|N/A
ZGONCALVEZ|ZORAIDA GONCALVEZ LETI GENVEN||1|411939188|N/A
MGALINDEZ|MARIBEL GONCALVES LETI GENVEN||1|411939188|N/A
CGALICIA|CARLED GALICIA LETI GENVEN||1|411939188|N/A
RROCHA|RAIZA ROCHA LETI GENVEN||1|411939188|N/A
MMANRIQUE|MARIANA MANRIQUE LETI GENVEN||1|411939188|N/A
APORTTO|ANDRY PORTTO LETI GENVEN||1|411939188|N/A
SPEREZ|SILFREDY PEREZ LETI GENVEN||1|411939188|N/A
ELOPEZ|ELVIS PEREZ LETI GENVEN||1|411939188|N/A
ALFAMEDICAL|ALFAMEDICAL C.A.||1|411939188|N/A
JGRATEROL|JONATHAN GRATEROL||1|411939188|N/A
ATRUJILLO|ALFONSO TRUJILLO||1|411939188|N/A
FBIENESTAR|FARMA TU BIENESTAR C.A.||1|411939188|N/A
FSTORE21|PHARMA STORE 21||1|411939188|N/A
FVALERA|FARMACIA FENIX VALERA C.A||1|411939188|N/A
FLAPAZ1|FARMACIA LA PAZ 1 C.A.||1|411939188|N/A
FARMACIAARIAN|FARMACIA ARIAN FARMARIAN C.A||1|411939188|N/A
DPIRE|DANIEL PIRE LETI GENVEN||1|411939188|N/A
MLEGUISAMOLETI|MARIA LEGUISAMO LETI GENVEN||1|411939188|N/A
ADIAZLETI|ANIBAL DIAZ LETI GENVEN||1|411939188|N/A
RMONSALVES|RAFAEL MONSALVES LETI GENVEN||1|411939188|N/A
LAGUIRRE|LORENA AGUIRRE LETI GENVEN||1|411939188|N/A
FLAIDEAL27|FARMACIA LA IDEAL 27||1|411939188|N/A
FPVIDAYSALUD|FARMACIA PHARMA VIDA Y SALUD 23 C.A||1|411939188|N/A
EGONZALEZ|ESPERANZA GONZALEZ||1|411939188|N/A
FMURACHI|FARMACIA EL MURACHI C.A.||1|411939188|N/A
FPHOSPITAL|FARMACIA FARMAPLAZA HOSPITAL C.A||1|411939188|N/A
FPSANPEDRO|FARMACIA PLAZA SAN PEDRO C.A||1|411939188|N/A
FLASFLORES|FARMACIA LAS FLORES C.A.||1|411939188|N/A
GRUPOLATORRE|FARMATORRE NAGUANAGUA C.A||1|411939188|N/A
LATORRECENTRO|FARMACIA LA TORRE C.A||1|411939188|N/A
FANIÑOJESUS|FARMA ACTUAL NIO JESUS C.A||1|411939188|N/A
FSCORAZONDEJESUS|FARMACIA SAGRADO CORAZON DE JESUS CA||1|411939188|N/A
GRUPOCENTRAL|GRUPO CENTRAL||1|411939188|N/A
FARMAMIFE2023|FARMACIA MI FE 2023 C.A||1|411939188|N/A
FSMIGUELARCANGEL|FARMA SAN MIGUEL ARCANGEL||1|411939188|N/A
FARMAWAY|FARMAWAY MEDIC C.A.||1|411939188|N/A
JRODRIGUEZ|JOSE G RODRIGUEZ||1|411939188|N/A
GRUPOFARMAFE|GRUPOFARMAFE||1|411939188|N/A
MUNDOSALUD58|FARMACIA MUNDO SALUD 58 C.A.||1|411939188|N/A
NUEVACATEDRAL|FARMACIA LA NUEVA CATEDRAL R L C.A.||1|411939188|N/A
MSANCHEZ|MAYENDI SANCHEZ||1|411939188|N/A
FARMATEATIS|FARMACIA TEATIS C.A||1|411939188|N/A
FARMAHOGAR|FARMAHOGAR PLUS||1|411939188|N/A
FARMACEL2021|FARMACEL 2021 C.A||1|411939188|N/A
FINTERNACIONAL|FARMACIA INTERNACIONAL C.A||1|411939188|N/A
KROMIPREBO|FARMACIA KROMI C.A PREBO||1|411939188|N/A
FARMAMAX|FARMAMAX C.A.||1|411939188|N/A
INTERMEDSERVICES|INTERMED SERVICES C.A.||1|411939188|N/A
FARMAIA|FARMACIA FARMAIA||1|411939188|N/A
LAPLAZUELA|FARMACIA LA PLAZUELA C.A||1|411939188|N/A
SANJACINTO|FARMACIA SAN JACINTO C.A||1|411939188|N/A
LASARAUJAS|FARMACIA LAS ARAUJAS C.A||1|411939188|N/A
MIRABELII|LA FARMACIA MIRABEL II CA||1|411939188|N/A
PAMPANITO|FARMACIA PAMPANITO C.A.||1|411939188|N/A
SANROQUE|FARMACIA SAN ROQUE C.A.||1|411939188|N/A
CSANTALUCIA|FARMA CENTRO SANTA LUCIA C.A||1|411939188|N/A
GRUPOPLAZUELA|GRUPO PLAZUELA||1|411939188|N/A
MARIADESANJOSE|FARMACIA MARIA DE SAN JOSE||1|411939188|N/A
SANTAINES|FARMACIA SANTA INES F.P||1|411939188|N/A
FARMACURARIGUA|FARMACIA CURARIGUA C.A.||1|411939188|N/A
VICTORIAS2022|FARMACIA VICTORIAS 2022 C.A||1|411939188|N/A
JDIAZLG|JULIO DIAZ LETI GENVEN||1|411939188|N/A
DULCEMIEL|FARMACIA DULCE MIEL C.A||1|411939188|N/A
SERVICIOSHOS|FARMACIA SERVICIOS MEDICOS HOS C.A||1|411939188|N/A
FARMAPLAZA|FARMAPLAZA C.A.||1|411939188|N/A
CENTRALTURMERO|FARMACIA CENTRAL TURMERO C.A||1|411939188|N/A
CENTRAL19|FARMACIA CENTRAL 19 C.A.||1|411939188|N/A
FARMAFATIMA|FARMACIA FATIMA C.A.||1|411939188|N/A
DISTUFAR|DISTUFAR C.A||1|411939188|N/A
DISTUFARVL|DISTUFAR VALLE LINDO C.A||1|411939188|N/A
MONSERRALTII|FARMACIA MONSERRALT II C.A||1|411939188|N/A
SUCRECAGUA|FARMACIA SUCRE CAGUA C.A||1|411939188|N/A
SOCIALMEDICAL|SOCIAL MEDICAL CA||1|411939188|N/A
LIFEGREEN|CORPORACION LIFE GREEN C.A||1|411939188|N/A
LUNAMIEL|FARMACIA LUNA MIEL C.A.||1|411939188|N/A
LAGORDA|FARMACIA LA GORDA C.A.||1|411939188|N/A
LASCOLINAS|FARMACIA LAS COLINAS C.A||1|411939188|N/A
FARMATAJ|FARMA TAJ C.A||1|411939188|N/A
FARMATOP2022|FARMA TOP 2022 C.A||1|411939188|N/A
BIOGALENISABBJ|CENTRO DE ESPECIALIDADES MEDICAS QUIRURGICAS BIOGALENIS ABBJ C.A.||1|411939188|N/A
FARMACOLON|FARMACIA COLON C.A||1|411939188|N/A
FARMACRISMAR|FARMACIA CRISMARC.A.||1|411939188|N/A
ALFAYOMEGA|FARMACIA DIOS ALFA amp OMEGA C.A.||1|411939188|N/A
FARMAHEALTH|FARMAHEALTH 2407 C.A||1|411939188|N/A
FARMAFARTINA|FARMACIA FARTINA||1|411939188|N/A
SANPASTOR|FARMACIA SAN PASTOR C.A.||1|411939188|N/A
GUADALUPE1988|FARMACIA GUADALUPE 1988 C.A||1|411939188|N/A
FARMACAJIGAL|FARMACIA CAJIGAL C.A.||1|411939188|N/A
LASALUDABLE|FARMACIA LA SALUDABLE C.A||1|411939188|N/A
ZULOAGA|FARMACIA ZULOAGA C.A||1|411939188|N/A
MASSALUD|FARMACIA MAS SALUD C.A.||1|411939188|N/A
MARIÑOCAGUA|FARMACIA MARIO CAGUA C.A||1|411939188|N/A
FARMAZITA|INVERIONES FARMAZITA ALTAGRACIAC.A.||1|411939188|N/A
GDELGADO|GEORGE DELGADO||1|411939188|N/A
GMAXPHARMA|CORPORACION GMAXPHARMA C.A||1|411939188|N/A
FARMOI|FARMACIA FARMOI C.A||1|411939188|N/A
FARMAMUÑOZ|FARMACIA MUOZ C.A||1|411939188|N/A
FARMAESPERANZA2022|FARMAESPERANZA 2022 C.A.||1|411939188|N/A
FARMAECONOMICA|FARMACIA LA ECONOMICA CA..||1|411939188|N/A
DISTUFAREXPRESS|DISTUFAR EXPRESS C.A.||1|411939188|N/A
FARMATUBENDICION|FARMACIA TU BENDICION C.A||1|411939188|N/A
QUEPAPAYA|QUE PAPAYA HIPER C.A.||1|411939188|N/A
GRANPHARMA|INVERSIONES GRANPHARMA||1|411939188|N/A
FARMAELROBLE|FARMACIA EL ROBLE DE CAPUCHINO||1|411939188|N/A
FARMACONSIGO|FARMACIA CONSIGO 55 C.A||1|411939188|N/A
FARMASOLIDARIA|FARMACIA ULTRA FARMA SOLIDARIA C.A.||1|411939188|N/A
ELESTANQUE|BOTICA EL ESTANQUE C.A||1|411939188|N/A
FARMATOP2040|FARMA TOP 2040 C.A.||1|411939188|N/A
FARMACIAJK|FARMACIAS J.K C.A||1|411939188|N/A
FARMAVIVE|FARMAVIVE C.A||1|411939188|N/A
FARMACIADN2021|FARMACIA DIVINO NIO 2021 C.A.||1|411939188|N/A
FARMAALANPLUS|FARMACIA ALAN PLUS C.A||1|411939188|N/A
FARMAFER2008|FARMAFER 2008 C.A||1|411939188|N/A
FARMASANJOSE|FARMACIA SAN JOSE C.A||1|411939188|N/A
GRUPOLANUEVA|GRUPO LA NUEVA||1|411939188|N/A
FARMACIAFANZ|FARMACIA FANZ C.A||1|411939188|N/A
FARMADROSIO|FARMACIA POPULAR DR. OSIO C.A.||1|411939188|N/A
FARMABICA|FARMACIA FARMABICA C.A.||1|411939188|N/A
FARMA12GROUP|FARMA 12 GROUP C.A.||1|411939188|N/A
FARMAZITA1|INVERSIONES FARMAZITA C.A.||1|411939188|N/A
FARMABETANIA2021|FARMACIA BETANIA 2021 C.A||1|411939188|N/A
FARMASLENDER|FARMACIA NATURA SLENDER C.A||1|411939188|N/A
FARMAABELLAIV|FARMACIA ABELLA IV C.A||1|411939188|N/A
ARTESALUD|FARMACIA ARTESALUD C.A||1|411939188|N/A
FARMAGREEN|FARMAGREEN C.A||1|411939188|N/A
MEGAFARMAPLUS|FARMACIA MEGAFARMA PLUS C.A.||1|411939188|N/A
FARMACIASAK|FARMACIA SAK CA||1|411939188|N/A
FARMACIAMARY|FARMACIA MARY SRL||1|411939188|N/A
MULTIAHORROCARACAS|FARMACIA MULTIAHORRO CARACAS C.A||1|411939188|N/A
FARMAVEN|FARMAVEN C.A.||1|411939188|N/A
FARMABOX|FARMABOX C.A||1|411939188|N/A
FARMASANTAROSALIA|FARMACIA SANTA ROSALIA CA||1|411939188|N/A
RAPIDFARMA2024|RAPID FARMA 2024 C.A.||1|411939188|N/A
FARMALACEIBA|FARMACIA LA CEIBA C.A||1|411939188|N/A
FARMACIALUCIAS|FARMACIA LUCIAS C.A.||1|411939188|N/A
FARMACIALORETO|FARMACIA LORETO CA||1|411939188|N/A
MONTESACRO2021|MONTE SACRO 2021 CA||1|411939188|N/A
FARMAVIDA2024|FARMACIA FARMAVIDA 2024 C.A||1|411939188|N/A
FARMACIALAMONTAÑA|FARMACIA LA MONTAA C.A||1|411939188|N/A
FARMACIANOLY|FARMACIA NOLY C.A||1|411939188|N/A
FARMAEZE|FARMA EZE 1 C.A||1|411939188|N/A
FARMACIAGARITAII|FARMACIA GARITA II C.A||1|411939188|N/A
FARMABECA|FARMACIA FARMA BECA C.A.||1|411939188|N/A
MABASSIO|MARTHA ABASSIO||1|411939188|N/A
FARMARATO|FARMACIA FARMARATO C.A||1|411939188|N/A
FARMAMACAR|FARMAMACAR C.A.||1|411939188|N/A
FARMACIALAZARO|FARMACIA LAZARO CA||1|411939188|N/A
FARMASTOP|FARMA STOP C.A.||1|411939188|N/A
FARMAMARIAFRANCIA|FARMACIA MARIA FRANCIA CA||1|411939188|N/A
FARMAORO1|CORPORACION FARMAORO 1 C.A||1|411939188|N/A
SUPERLIDER|GRUPO SUPERLIDER||1|411939188|N/A
IFLAFAMILIA|INVERSIONES FARMACEUTICAS LA FAMILIA C.A.||1|411939188|N/A
ALTAMIRANORTE|FARMACIA ALTAMIRA NORTE C.A||1|411939188|N/A
FARMACIAVANESSA|FARMACIA VANESSA C.A.||1|411939188|N/A
SOLUCSALUD|FARMACIA SOLUCSALUD C.A||1|411939188|N/A
MEDICALDELESTE|FARMACIA MEDICAL DEL ESTE  C.A.||1|411939188|N/A
LAVILA|LIZ AVILA||1|411939188|N/A
SURDEARAGUA2022|FARMACIA SUR DE ARAGUA 2022.C.A||1|411939188|N/A
TODOSALUDPLUS|FARMACIA TODO SALUD PLUS C.A||1|411939188|N/A
GRUPOFARMASOL|GRUPO FARMASOL||1|411939188|N/A
FARMALASMARIANAS|FARMACIA LAS MARIANAS C.A||1|411939188|N/A
GLOBALVITALITY|GLOBAL VITALITY C.A||1|411939188|N/A
GLOBALSALUDSS|GLOBAL SALUD SS CA||1|411939188|N/A
FARMARAGUA|FARMARAGUA S.A.||1|411939188|N/A
FARMACIAROJAS|FARMACIA ROJAS C.A.||1|411939188|N/A
FARMACIAROJASGR|FARMACIA ROJAS GR C.A.||1|411939188|N/A
FARMACIAMILA|MILAGRO COROMOTO SANCHEZ DE ROJAS FARMACIA MILA F.P||1|411939188|N/A
FARMACONSIGO55|FARMACIA CONSIGO 55 C.A||1|411939188|N/A
FARMALAGANADERA2016|FARMACIA LA GANADERA 2016 C.A||1|411939188|N/A
SALUDALEGRIA|FARMACIA SALUDALEGRIA C.A||1|411939188|N/A
FARMACIAKARLEMAR|FARMACIA KARLEMAR CA||1|411939188|N/A
FARMAHOSPITALMIRANDA|FARMA HOSPITAL MIRANDA C.A.||1|411939188|N/A
FARMACIA1212|FARMACIA 12-12 C.A.||1|411939188|N/A
FARMA1111|FARMA 11-11 C.A||1|411939188|N/A
FARMACIAELPUEBLO|FARMACIA EL PUEBLO C.A.||1|411939188|N/A
FARMACIADELSUR|FARMACIA DEL SUR C.A||1|411939188|N/A
FARMACIABOTIMARKET|FARMACIA BOTIMARKET C.A.||1|411939188|N/A
FARMACIALOSMOLINOS|ADMINISTRADORA DE FARMACIAS GALENUSS C.A||1|411939188|N/A
FARMACIAAMERICANA|FARMACIA AMERICANA C.A..||1|411939188|N/A
FARMACIAWUISTON45|FARMACIA WUISTON 45 C.A||1|411939188|N/A
FARMAROSALITO|FARMAROSALITO C.A.||1|411939188|N/A
METROFARMASOCIAL|METROFARMA SOCIAL C.A||1|411939188|N/A
FARMACIABARVAL|FARMACIA BARVAL C.A||1|411939188|N/A
GRUPOFUENTES|FARMACIA GRUPO FUENTES C.A||1|411939188|N/A
BRISASDEGUARENAS|FARMACIA BRISAS DE GUARENAS CA||1|411939188|N/A
FARMAORO2|FARMACIA CORPORACIN FARMA ORO 2 CA.||1|411939188|N/A
FARMACIAGRUPOGL|FARMACIA GRUPO GL C.A.||1|411939188|N/A
FARMACIARIO II13|FARMACIA RIO II 13 C.A||1|411939188|N/A
FARMACIABALOA|FARMACIA BALOA SRL||1|411939188|N/A
FARMACIAALBECAR|FARMACIA ALBECAR II C.A.||1|411939188|N/A
FARMACIASJPS|FARMACIA SAN JUAN PABLO SEGUNDO C.A||1|411939188|N/A
FARMACIACOLINAS|FARMACIA COLINAS DE CARRIZALC.A.||1|411939188|N/A
INVERSIONESIMQY|INVERSIONES IMQY C.A.||1|411939188|N/A
SFHIDET|SERVICIO FARMACEUTICO HOSPITALARIO IDET||1|411939188|N/A
FARMACIAELCOLIBRI|FARMACIA EL COLIBRI C.A.||1|411939188|N/A
GRUPOFARMAMIGO|GRUPO FARMAMIGO||1|411939188|N/A
FARMACIASANTAROSA|FARMACIA SANTA ROSA CA||1|411939188|N/A
FARMACIAFABEL|FARMACIA FABEL C.A||1|411939188|N/A
FARMACIAMAR|FARMACIA MAR C.A||1|411939188|N/A
FARMACIAPALOVERDEUNO|FARMACIA PALO VERDE UNO C.A||1|411939188|N/A
FARMACIAELNILO|FARMACIA EL NILO C.A||1|411939188|N/A
FARMACIAELNILOINAVI|FARMACIA EL NILO INAVI C.A||1|411939188|N/A
FARMACIARIO|FARMACIA RIO C.A.||1|411939188|N/A
FARCENTRO2019|FARMACIA FAR-CENTRO 2019 C.A||1|411939188|N/A
FARCENTROLAJULIA|FARMACIA FARCENTRO LA JULIA C. A.||1|411939188|N/A
CITYSALUDCCS|FARMACIA CITY SALUD CCS C.A.||1|411939188|N/A
FARMACIAMONTAÑAFRESCA|FARMACIA MONTAA FRESCA C.A.||1|411939188|N/A
INVERHEALTH|INVERHEALTH C.A.||1|411939188|N/A
FARMAPIU|FARMACIAS FARMAPIU C.A||1|411939188|N/A
FARMACIALAREINA2021|FARMACIA LA REINA 2021 C.A||1|411939188|N/A
FARMAFAMILIAT|FARMAFAMILIA TURMEROC.A||1|411939188|N/A
JBADELL|JULIO BADELL||1|411939188|N/A
NAGUILERA|NORELYS AGUILERA||1|411939188|N/A
NSOLXIRE|NASSTASSAJA SOLXIRE||1|411939188|N/A
VILMADELCARMEN|FARMACIA VILMA DEL CARMEN CA||1|411939188|N/A
Daponte|Dayana Aponte||1|411939188|N/A
FARMAITAL|FARMACIA FARMAITAL C.A.||1|411939188|N/A
FARMACLIP|GRUPO FARMACLIP||1|411939188|N/A
COMERCIALIZADORA08101107|COMERCIALIZADORA 08101107 C.A||1|411939188|N/A
LAFARMACIAELTIGRE|LA FARMACIA EL TIGRE C.A.||1|411939188|N/A
FARMALOSCEDROSI|FARMA LOS CEDROS I C.A||1|411939188|N/A
MEDIEXPRESSVARGAS2021|MEDIEXPRESS FARMACIA VARGAS 2021 C.A||1|411939188|N/A
FARMACIANUNEZ|FARMACIA NUNEZ C.A||1|411939188|N/A
FARMACIARIOXV|FARMACIA RIO XV C.A||1|411939188|N/A
FARMACIAMEDICHOME|FARMACIA MEDIC HOME C.A.||1|411939188|N/A
FARLUVEN|FARMACIA FARLUVEN C.A||1|411939188|N/A
FARMALIVI|FARMACIA FARMA LIVI CA||1|411939188|N/A
FARMACIASANAGUSTIN|FARMACIA SAN AGUSTIN C.A.||1|411939188|N/A
FARMALUZHOSPITAL|FARMALUZ HOSPITAL C.A||1|411939188|N/A
NOVACENTER|GRUPO FARMACIAS NOVACENTER 13-13 C.A.||1|411939188|N/A
LAGRANFAMILIAHF|LA GRAN FAMILIA HIPER FARMA CA||1|411939188|N/A
LMEJIASLETI|LORENA MEJIAS LETI GENVEN||1|411939188|N/A
WMONTOYALETI|WILLIAM MONTOYA LETI GENVEN||1|411939188|N/A
DOJEDALETI|DANIELA OJEDA LETI GENVEN||1|411939188|N/A
LRAMIREZLETI|LUIS RAMIREZ LETI GENVEN||1|411939188|N/A
VRAMIREZLETI|VANESSA RAMIREZ LETI GENVEN||1|411939188|N/A
RTORREALVALETI|ROSMERY TORREALVA LETI GENVEN||1|411939188|N/A
MPINTOLETI|MARIA PINTO LETI GENVEN||1|411939188|N/A
MORDOÑEZLETI|MILAGRO ORDOEZ LETI GENVEN||1|411939188|N/A
APEREZLETI|ANNIE PEREZ LETI GENVEN||1|411939188|N/A
CROMEROLETI|CATERINA ROMERO LETI GENVEN||1|411939188|N/A
CCASANOVALETI|CAROLINA CASANOVA LETI GENVEN||1|411939188|N/A
JRIVERALETI|JOSSELYN RIVERA LETI GENVEN||1|411939188|N/A
AVILLARREALLETI|ANTONY VILLARREAL LETI GENVEN||1|411939188|N/A
AVALEROLETI|AGNEIS VALERO LETI GENVEN||1|411939188|N/A
DCARFFUSLETI|DANIEL CARFFUS LETI GENVEN||1|411939188|N/A
ACRESPOLETI|ANA CRESPO LETI GENVEN||1|411939188|N/A
DCAMACHOLETI|DIEGO CAMACHO LETI GENVEN||1|411939188|N/A
EMANZANOLETI|ELEINES MANZANO LETI GENVEN||1|411939188|N/A
HGONZALEZLETI|HERSEM GONZALEZ LETI GENVEN||1|411939188|N/A
JALVAREZLETI|JOIMER ALVAREZ LETI GENVEN||1|411939188|N/A
JBASTIDASLETI|JULIO BASTIDAS LETI GENVEN||1|411939188|N/A
JCORDEROLETI|JULIO CORDERO LETI GENVEN||1|411939188|N/A
SCASTILLOLETI|SOLANGEL CASTILLO LETI GENVEN||1|411939188|N/A
FCOLMENARESLETI|FRANCISCO COLMENARES LETI GENVEN||1|411939188|N/A
AARELLANOLETI|ANGELA ARELLANO LETI GENVEN||1|411939188|N/A
YCAMARGOLETI|YUSMARY CAMARGO LETI GENVEN||1|411939188|N/A
JPEÑALOZALETI|JORGE PEALOZA LETI GENVEN||1|411939188|N/A
MGARCIALETI|MAIRE GARCIA LETI GENVEN||1|411939188|N/A
MRODRIGUEZLETI|MARIELYS RODRIGUEZ LETI GENVEN||1|411939188|N/A
MVELAZQUEZLETI|MARIA VELAZQUEZ LETI GENVEN||1|411939188|N/A
PROVIDENCIASPACIAL|FARMACIA LA PROVIDENCIA SPACIAL C.A||1|411939188|N/A
FARMACIALAVITAL|FARMACIA LA VITAL C.A||1|411939188|N/A
GECHEVERRI|GABRIELA ECHEVERRI||1|411939188|N/A
AUXIMED|AUXIMED CONSULTORIO FARMACEUTICO 2022 C.A||1|411939188|N/A
LAENTRADAGRUPOG|FARMACIA LA ENTRADA GRUPO GOICOCHEA C.A||1|411939188|N/A
ACORDERO|ANDRY CORDERO||1|411939188|N/A
FARMACIAVM2711|FARMACIA VIRGEN DE LA MILAGROSA 27-11 C.A.||1|411939188|N/A
FARMACIASANJORGE|FARMACIA SAN JORGE C.A||1|411939188|N/A
ASANDOVAL|ALI SANDOVAL DOLLDER||1|411939188|N/A
